{"cameraMode":{"drawMode":0,"name":"Shaded","section":"Shading Mode"},"sceneLighting":false,"audioPlay":false,"sceneViewState":{"showFog":true,"showMaterialUpdate":false,"showSkybox":false,"showFlares":true,"showImageEffects":true,"showParticleSystems":true},"in2DMode":false,"pivot":{"x":-17.046981811523439,"y":-5.614555358886719,"z":-1.0026893615722657},"rotation":{"x":-0.4540591537952423,"y":-0.003475574543699622,"z":0.0017772747669368983,"w":-0.8909854292869568},"size":2.9660251140594484,"orthographic":false}